epoch,rss_bytes,limit_bytes
1788946606,19776143,1073741824
1788946613,20510147,1073741824
1788946619,20227031,1073741824
1788946625,20740833,1073741824
1788946631,20688404,1073741824
1788946637,20258488,1073741824
1788946643,20122173,1073741824
1788946649,20132659,1073741824
1788946655,20384317,1073741824
1788946661,20373832,1073741824
1788946667,20321403,1073741824
1788946673,20793262,1073741824
1788946679,20730348,1073741824
1788946686,20447232,1073741824
1788946692,20688404,1073741824
1788946698,20352860,1073741824
1788946704,20562575,1073741824
1788946710,20782776,1073741824
1788946716,21107835,1073741824
1788946722,21097349,1073741824
1788946728,20835205,1073741824
1788946734,20982006,1073741824
1788946740,20982006,1073741824
1788946746,20950548,1073741824
1788946752,20541604,1073741824
1788946758,20405289,1073741824
1788946764,21338522,1073741824
1788946770,21097349,1073741824
1788946777,20793262,1073741824
1788946783,20541604,1073741824
1788946789,21023949,1073741824
1788946795,21265121,1073741824
1788946801,20971520,1073741824
1788946807,20950548,1073741824
1788946813,20646461,1073741824
1788946819,20038287,1073741824
1788946825,20289946,1073741824
1788946831,20268974,1073741824
1788946837,20751319,1073741824
1788946843,20541604,1073741824
1788946849,20268974,1073741824
1788946855,20772291,1073741824
1788946861,20195574,1073741824
1788946868,20384317,1073741824
1788946874,20782776,1073741824
1788946880,20761805,1073741824
1788946886,20992492,1073741824
1788946892,20677919,1073741824
1788946898,21191721,1073741824
1788946904,21023949,1073741824
1788946910,21076378,1073741824
1788946916,21044920,1073741824
1788946922,20761805,1073741824
1788946928,20751319,1073741824
1788946934,20520632,1073741824
1788946940,20656947,1073741824
1788946946,20782776,1073741824
1788946952,20394803,1073741824
1788946959,20363346,1073741824
1788946965,20803748,1073741824
1788946971,20887634,1073741824
1788946977,20310917,1073741824
1788946983,20583547,1073741824
1788946989,20604518,1073741824
1788946995,20824719,1073741824
1788947001,20667433,1073741824
1788947007,20971520,1073741824
1788947013,20688404,1073741824
1788947019,20929577,1073741824
1788947025,21065892,1073741824
1788947031,20258488,1073741824
1788947037,20520632,1073741824
1788947043,20667433,1073741824
1788947049,20394803,1073741824
1788947056,20677919,1073741824
1788947062,20635976,1073741824
1788947068,20635976,1073741824
1788947074,20625490,1073741824
1788947080,21128806,1073741824
1788947086,21013463,1073741824
1788947092,20394803,1073741824
1788947098,20373832,1073741824
1788947104,20153631,1073741824
1788947110,20394803,1073741824
1788947116,19807601,1073741824
1788947122,19912458,1073741824
1788947128,20394803,1073741824
1788947134,20646461,1073741824
1788947140,20373832,1073741824
1788947146,20761805,1073741824
1788947153,20982006,1073741824
1788947159,20688404,1073741824
1788947165,20772291,1073741824
1788947171,20772291,1073741824
1788947177,20667433,1073741824
1788947183,20394803,1073741824
1788947189,20615004,1073741824
1788947195,20866662,1073741824
1788947201,20866662,1073741824
1788947207,20562575,1073741824
1788947213,20898120,1073741824
1788947219,20740833,1073741824
1788947225,21233664,1073741824
1788947231,20919091,1073741824
1788947237,20688404,1073741824
1788947243,20751319,1073741824
1788947250,20761805,1073741824
1788947256,21212692,1073741824
1788947262,20405289,1073741824
1788947268,20227031,1073741824
1788947274,20573061,1073741824
1788947280,20793262,1073741824
1788947286,21044920,1073741824
1788947292,20824719,1073741824
1788947298,20845691,1073741824
1788947304,20845691,1073741824
1788947310,20531118,1073741824
1788947316,20206060,1073741824
1788947322,20185088,1073741824
1788947328,20373832,1073741824
1788947334,20289946,1073741824
1788947340,20782776,1073741824
1788947346,20761805,1073741824
1788947353,20982006,1073741824
1788947359,20761805,1073741824
1788947365,20740833,1073741824
1788947371,20992492,1073741824
1788947377,20950548,1073741824
1788947383,20573061,1073741824
1788947389,20835205,1073741824
1788947395,21044920,1073741824
1788947401,20541604,1073741824
1788947407,21286093,1073741824
1788947413,20992492,1073741824
1788947419,20667433,1073741824
1788947425,20866662,1073741824
1788947431,21338522,1073741824
1788947437,21328036,1073741824
1788947443,20824719,1073741824
1788947449,21118321,1073741824
1788947456,21275607,1073741824
1788947462,21002977,1073741824
1788947468,21055406,1073741824
1788947474,20814234,1073741824
1788947480,20719862,1073741824
1788947486,20793262,1073741824
1788947492,20761805,1073741824
1788947498,20520632,1073741824
1788947504,20761805,1073741824
1788947510,20751319,1073741824
1788947516,20394803,1073741824
1788947522,21128806,1073741824
1788947528,20342374,1073741824
1788947534,20562575,1073741824
1788947540,20101202,1073741824
1788947546,20478689,1073741824
1788947553,19933430,1073741824
1788947559,20667433,1073741824
1788947565,20562575,1073741824
1788947571,21002977,1073741824
1788947577,20824719,1073741824
1788947583,20573061,1073741824
1788947589,20824719,1073741824
1788947595,20594033,1073741824
1788947601,20531118,1073741824
1788947607,20499661,1073741824
1788947613,20562575,1073741824
1788947619,20730348,1073741824
1788947625,20677919,1073741824
1788947631,20656947,1073741824
1788947637,20447232,1073741824
1788947643,20248003,1073741824
1788947650,20635976,1073741824
1788947656,20552090,1073741824
1788947662,20331889,1073741824
1788947668,20101202,1073741824
1788947674,20615004,1073741824
1788947680,21118321,1073741824
1788947686,20541604,1073741824
1788947692,20709376,1073741824
1788947698,20740833,1073741824
1788947704,20740833,1073741824
1788947710,21244150,1073741824
1788947716,20510147,1073741824
1788947722,21191721,1073741824
1788947728,21118321,1073741824
1788947734,21380465,1073741824
1788947741,21349007,1073741824
1788947747,21139292,1073741824
1788947753,21139292,1073741824
1788947759,20898120,1073741824
1788947765,20656947,1073741824
1788947771,20635976,1073741824
1788947777,20164116,1073741824
1788947783,20426260,1073741824
1788947789,20730348,1073741824
1788947795,20709376,1073741824
1788947801,20971520,1073741824
1788947807,20719862,1073741824
1788947813,20940063,1073741824
1788947819,20793262,1073741824
1788947825,20101202,1073741824
1788947831,20321403,1073741824
1788947838,20457718,1073741824
1788947844,20677919,1073741824
1788947850,20866662,1073741824
1788947856,20573061,1073741824
1788947862,20520632,1073741824
1788947868,20499661,1073741824
1788947874,20289946,1073741824
1788947880,20394803,1073741824
1788947886,20866662,1073741824
1788947892,20824719,1073741824
1788947898,20688404,1073741824
1788947904,20992492,1073741824
1788947910,20950548,1073741824
1788947916,20688404,1073741824
1788947922,20667433,1073741824
1788947928,20562575,1073741824
1788947935,19891487,1073741824
1788947941,20185088,1073741824
1788947947,20866662,1073741824
1788947953,20615004,1073741824
1788947959,21086863,1073741824
1788947965,20730348,1073741824
1788947971,20164116,1073741824
1788947977,20667433,1073741824
1788947983,20887634,1073741824
1788947989,20751319,1073741824
1788947995,20751319,1073741824
1788948001,20761805,1073741824
1788948007,20719862,1073741824
1788948013,20898120,1073741824
1788948019,20594033,1073741824
1788948025,20268974,1073741824
1788948032,20268974,1073741824
1788948038,20258488,1073741824
1788948044,20373832,1073741824
1788948050,20615004,1073741824
1788948056,20782776,1073741824
1788948062,20751319,1073741824
1788948068,20740833,1073741824
1788948074,20709376,1073741824
1788948080,20604518,1073741824
1788948086,20814234,1073741824
1788948092,20342374,1073741824
1788948098,20562575,1073741824
1788948104,20782776,1073741824
1788948110,20709376,1073741824
1788948116,21170749,1073741824
1788948122,21139292,1073741824
1788948129,20961034,1073741824
1788948135,20709376,1073741824
1788948141,21181235,1073741824
1788948147,20898120,1073741824
1788948153,20982006,1073741824
1788948159,21223178,1073741824
1788948165,21474836,1073741824
1788948171,20761805,1073741824
1788948177,20520632,1073741824
1788948183,20510147,1073741824
1788948189,20761805,1073741824
1788948195,20583547,1073741824
1788948201,20845691,1073741824
1788948207,21076378,1073741824
1788948213,21044920,1073741824
1788948219,21023949,1073741824
1788948226,20866662,1073741824
1788948232,20856177,1073741824
1788948238,20845691,1073741824
1788948244,20835205,1073741824
1788948250,20824719,1073741824
1788948256,20898120,1073741824
1788948262,20866662,1073741824
1788948268,20824719,1073741824
1788948274,20814234,1073741824
1788948280,20814234,1073741824
1788948286,20594033,1073741824
1788948292,20740833,1073741824
1788948298,21139292,1073741824
1788948304,21107835,1073741824
1788948310,21086863,1073741824
1788948316,20594033,1073741824
1788948322,21097349,1073741824
1788948329,21097349,1073741824
1788948335,20772291,1073741824
1788948341,20824719,1073741824
1788948347,20845691,1073741824
1788948353,21464351,1073741824
1788948359,20971520,1073741824
1788948365,21726495,1073741824
1788948371,21443379,1073741824
1788948377,21558723,1073741824
1788948383,21579694,1073741824
1788948389,21296579,1073741824
1788948395,21506294,1073741824
1788948401,21181235,1073741824
1788948407,20552090,1073741824
1788948413,21065892,1073741824
1788948419,21055406,1073741824
1788948425,21034435,1073741824
1788948432,20814234,1073741824
1788948438,20552090,1073741824
1788948444,20814234,1073741824
1788948450,21128806,1073741824
1788948456,21076378,1073741824
1788948462,20803748,1073741824
1788948468,20164116,1073741824
1788948474,19954401,1073741824
1788948480,20426260,1073741824
1788948486,20279460,1073741824
1788948492,21002977,1073741824
1788948498,20677919,1073741824
1788948504,20646461,1073741824
1788948511,20898120,1073741824
1788948517,21097349,1073741824
1788948523,21076378,1073741824
1788948529,20835205,1073741824
1788948535,20761805,1073741824
1788948541,20499661,1073741824
1788948547,20992492,1073741824
1788948553,20709376,1073741824
1788948559,20468204,1073741824
1788948565,20436746,1073741824
1788948571,20405289,1073741824
1788948577,20635976,1073741824
1788948583,21139292,1073741824
1788948589,21233664,1073741824
1788948595,20677919,1073741824
1788948601,20447232,1073741824
1788948608,20929577,1073741824
1788948614,20615004,1073741824
1788948620,20562575,1073741824
1788948626,20814234,1073741824
1788948632,20772291,1073741824
1788948638,20195574,1073741824
1788948644,20426260,1073741824
1788948650,20656947,1073741824
1788948656,20898120,1073741824
1788948662,20856177,1073741824
1788948668,20583547,1073741824
1788948674,20793262,1073741824
1788948680,21013463,1073741824
1788948686,20908605,1073741824
1788948692,20635976,1073741824
1788948699,20898120,1073741824
1788948705,20027802,1073741824
1788948711,20803748,1073741824
1788948717,20656947,1073741824
1788948723,20594033,1073741824
1788948729,20583547,1073741824
1788948735,20457718,1073741824
1788948741,20971520,1073741824
1788948747,20950548,1073741824
1788948753,20803748,1073741824
1788948759,20782776,1073741824
1788948765,20604518,1073741824
1788948771,20541604,1073741824
1788948777,20719862,1073741824
1788948783,20688404,1073741824
1788948789,21212692,1073741824
1788948796,21170749,1073741824
1788948802,21034435,1073741824
1788948808,21265121,1073741824
1788948814,20824719,1073741824
1788948820,20845691,1073741824
1788948826,20604518,1073741824
1788948832,20426260,1073741824
1788948838,21002977,1073741824
1788948844,20709376,1073741824
1788948850,20824719,1073741824
1788948856,20698890,1073741824
1788948862,20384317,1073741824
1788948868,21044920,1073741824
1788948874,21034435,1073741824
1788948880,20751319,1073741824
1788948887,20919091,1073741824
1788948893,21212692,1073741824
1788948899,20950548,1073741824
1788948905,20520632,1073741824
1788948911,20782776,1073741824
1788948917,20415775,1073741824
1788948923,20164116,1073741824
1788948929,20132659,1073741824
1788948935,20352860,1073741824
1788948941,20824719,1073741824
1788948947,20730348,1073741824
1788948953,20730348,1073741824
1788948959,20468204,1073741824
1788948965,20457718,1073741824
1788948971,20185088,1073741824
1788948977,20227031,1073741824
1788948984,20667433,1073741824
1788948990,20268974,1073741824
1788948996,20510147,1073741824
1788949002,20677919,1073741824
1788949008,20761805,1073741824
1788949014,20688404,1073741824
1788949020,20122173,1073741824
1788949026,20101202,1073741824
1788949032,20331889,1073741824
1788949038,20594033,1073741824
1788949044,20321403,1073741824
1788949050,20258488,1073741824
1788949056,20237517,1073741824
1788949062,20751319,1073741824
1788949068,20667433,1073741824
1788949075,20289946,1073741824
1788949081,20510147,1073741824
1788949087,20489175,1073741824
1788949093,20583547,1073741824
1788949099,20877148,1073741824
1788949105,20803748,1073741824
1788949111,20562575,1073741824
1788949117,20803748,1073741824
1788949123,21317550,1073741824
1788949129,20751319,1073741824
1788949135,20740833,1073741824
1788949141,20635976,1073741824
1788949147,20877148,1073741824
1788949153,21128806,1073741824
1788949159,20919091,1073741824
1788949165,20887634,1073741824
1788949172,20877148,1073741824
1788949178,20688404,1073741824
1788949184,20615004,1073741824
1788949190,20940063,1073741824
1788949196,21275607,1073741824
1788949202,21023949,1073741824
1788949208,21254636,1073741824
1788949214,21506294,1073741824
1788949220,20772291,1073741824
1788949226,20751319,1073741824
1788949232,21600666,1073741824
1788949238,21317550,1073741824
1788949244,21044920,1073741824
1788949250,20772291,1073741824
1788949256,20447232,1073741824
1788949262,20698890,1073741824
1788949269,20373832,1073741824
1788949275,20615004,1073741824
1788949281,20394803,1073741824
1788949287,20929577,1073741824
1788949293,20656947,1073741824
1788949299,20908605,1073741824
1788949305,20552090,1073741824
1788949311,20677919,1073741824
1788949317,20656947,1073741824
1788949323,20562575,1073741824
1788949329,20562575,1073741824
1788949335,21034435,1073741824
1788949341,20824719,1073741824
1788949347,20541604,1073741824
1788949353,20478689,1073741824
1788949360,20740833,1073741824
1788949366,20447232,1073741824
1788949372,20321403,1073741824
1788949378,20667433,1073741824
1788949384,20919091,1073741824
1788949390,21181235,1073741824
1788949396,20635976,1073741824
1788949402,20698890,1073741824
1788949408,20635976,1073741824
1788949414,20352860,1073741824
1788949420,20562575,1073741824
1788949426,20321403,1073741824
1788949432,20436746,1073741824
1788949438,20950548,1073741824
1788949444,20468204,1073741824
1788949451,20185088,1073741824
1788949457,20405289,1073741824
1788949463,20457718,1073741824
1788949469,20698890,1073741824
1788949475,20730348,1073741824
1788949481,20457718,1073741824
1788949487,20814234,1073741824
1788949493,20793262,1073741824
1788949499,20971520,1073741824
1788949505,20677919,1073741824
1788949511,20919091,1073741824
1788949517,21023949,1073741824
1788949523,20982006,1073741824
1788949529,21328036,1073741824
1788949535,20961034,1073741824
1788949541,20950548,1073741824
1788949548,20384317,1073741824
1788949554,19671286,1073741824
1788949560,20352860,1073741824
1788949566,20279460,1073741824
1788949572,20468204,1073741824
1788949578,20594033,1073741824
1788949584,20772291,1073741824
1788949590,20961034,1073741824
1788949596,20646461,1073741824
1788949602,20940063,1073741824
1788949608,20426260,1073741824
1788949614,20436746,1073741824
1788949620,20447232,1073741824
1788949626,20457718,1073741824
1788949632,20971520,1073741824
1788949638,21286093,1073741824
1788949645,21013463,1073741824
1788949651,21244150,1073741824
1788949657,20940063,1073741824
1788949663,21191721,1073741824
1788949669,21443379,1073741824
1788949675,21453865,1073741824
1788949681,21422408,1073741824
1788949687,21401436,1073741824
1788949693,20898120,1073741824
1788949699,21160264,1073741824
1788949705,21265121,1073741824
1788949711,20929577,1073741824
1788949717,20877148,1073741824
1788949723,20814234,1073741824
1788949729,20552090,1073741824
1788949735,20814234,1073741824
1788949742,21023949,1073741824
1788949748,21401436,1073741824
1788949754,21013463,1073741824
1788949760,21328036,1073741824
1788949766,21002977,1073741824
1788949772,21212692,1073741824
1788949778,21013463,1073741824
1788949784,21191721,1073741824
1788949790,20992492,1073741824
1788949796,20845691,1073741824
1788949802,21086863,1073741824
1788949808,20824719,1073741824
1788949814,20803748,1073741824
1788949820,20164116,1073741824
1788949826,20436746,1073741824
1788949832,20520632,1073741824
1788949838,20394803,1073741824
1788949845,20635976,1073741824
1788949851,20541604,1073741824
1788949857,20719862,1073741824
1788949863,20709376,1073741824
1788949869,20688404,1073741824
1788949875,20950548,1073741824
1788949881,20814234,1073741824
1788949887,20782776,1073741824
1788949893,20982006,1073741824
1788949899,20950548,1073741824
1788949905,20656947,1073741824
1788949911,20531118,1073741824
1788949917,20667433,1073741824
1788949923,20835205,1073741824
1788949929,21065892,1073741824
1788949935,21044920,1073741824
1788949942,20845691,1073741824
1788949948,20814234,1073741824
1788949954,20719862,1073741824
1788949960,20426260,1073741824
1788949966,20940063,1073741824
1788949972,20866662,1073741824
1788949978,20541604,1073741824
1788949984,20782776,1073741824
1788949990,20573061,1073741824
1788949996,20814234,1073741824
1788950002,20373832,1073741824
1788950008,20499661,1073741824
1788950014,20677919,1073741824
1788950020,20667433,1073741824
1788950026,20436746,1073741824
1788950032,20740833,1073741824
1788950039,20887634,1073741824
1788950045,20174602,1073741824
1788950051,20667433,1073741824
1788950057,21149778,1073741824
1788950063,20489175,1073741824
1788950069,20677919,1073741824
1788950075,20143145,1073741824
1788950081,20132659,1073741824
1788950087,20604518,1073741824
1788950093,20615004,1073741824
1788950099,20373832,1073741824
1788950105,20080230,1073741824
1788950111,20562575,1073741824
1788950117,20237517,1073741824
1788950123,20310917,1073741824
1788950129,20751319,1073741824
1788950136,20499661,1073741824
1788950142,21002977,1073741824
1788950148,20971520,1073741824
1788950154,20950548,1073741824
1788950160,20730348,1073741824
1788950166,20971520,1073741824
1788950172,20929577,1073741824
1788950178,21390950,1073741824
1788950184,21118321,1073741824
1788950190,21128806,1073741824
1788950196,21181235,1073741824
1788950202,21044920,1073741824
1788950208,20384317,1073741824
1788950214,20898120,1073741824
1788950220,20499661,1073741824
1788950226,20520632,1073741824
1788950233,20992492,1073741824
1788950239,21191721,1073741824
1788950245,20751319,1073741824
1788950251,20478689,1073741824
1788950257,20573061,1073741824
1788950263,20824719,1073741824
1788950269,20531118,1073741824
1788950275,20300431,1073741824
1788950281,20510147,1073741824
1788950287,20772291,1073741824
1788950293,20751319,1073741824
1788950299,20405289,1073741824
1788950305,20803748,1073741824
1788950311,20237517,1073741824
1788950317,20992492,1073741824
1788950323,20709376,1073741824
1788950330,20185088,1073741824
1788950336,20961034,1073741824
1788950342,21170749,1073741824
1788950348,20877148,1073741824
1788950354,20824719,1073741824
1788950360,20394803,1073741824
1788950366,20122173,1073741824
1788950372,20373832,1073741824
1788950378,20447232,1073741824
1788950384,20677919,1073741824
1788950390,20583547,1073741824
1788950396,20531118,1073741824
1788950402,20531118,1073741824
1788950408,20782776,1073741824
1788950414,20772291,1073741824
1788950421,20552090,1073741824
1788950427,20206060,1073741824
1788950433,20185088,1073741824
1788950439,20415775,1073741824
1788950445,20635976,1073741824
1788950451,20352860,1073741824
1788950457,20520632,1073741824
1788950463,20520632,1073741824
1788950469,20415775,1073741824
1788950475,20635976,1073741824
1788950481,21286093,1073741824
1788950487,21013463,1073741824
1788950493,20719862,1073741824
1788950499,20961034,1073741824
1788950505,20656947,1073741824
1788950511,20845691,1073741824
1788950517,20856177,1073741824
1788950524,20782776,1073741824
1788950530,21034435,1073741824
1788950536,20761805,1073741824
1788950542,20384317,1073741824
1788950548,20248003,1073741824
1788950554,20447232,1073741824
1788950560,20782776,1073741824
1788950566,20730348,1073741824
1788950572,20489175,1073741824
1788950578,19996344,1073741824
1788950584,20478689,1073741824
1788950590,20268974,1073741824
1788950596,20090716,1073741824
1788950602,20373832,1073741824
1788950608,20394803,1073741824
1788950614,20594033,1073741824
1788950621,21023949,1073741824
1788950627,20751319,1073741824
1788950633,21296579,1073741824
1788950639,20992492,1073741824
1788950645,20709376,1073741824
1788950651,20216545,1073741824
1788950657,20426260,1073741824
1788950663,20384317,1073741824
1788950669,20604518,1073741824
1788950675,20740833,1073741824
1788950681,20447232,1073741824
1788950687,20520632,1073741824
1788950693,20541604,1073741824
1788950699,20856177,1073741824
1788950705,20856177,1073741824
1788950712,20300431,1073741824
1788950718,20520632,1073741824
1788950724,20499661,1073741824
1788950730,20268974,1073741824
1788950736,20552090,1073741824
1788950742,20258488,1073741824
1788950748,20447232,1073741824
1788950754,20447232,1073741824
1788950760,20719862,1073741824
1788950766,20971520,1073741824
1788950772,20709376,1073741824
1788950778,20730348,1073741824
1788950784,20982006,1073741824
1788950790,21716009,1073741824
1788950796,21191721,1073741824
1788950802,21034435,1073741824
1788950809,20856177,1073741824
1788950815,21107835,1073741824
1788950821,21328036,1073741824
1788950827,21055406,1073741824
1788950833,21065892,1073741824
1788950839,20719862,1073741824
1788950845,20772291,1073741824
1788950851,20510147,1073741824
1788950857,20772291,1073741824
1788950863,20279460,1073741824
1788950869,20279460,1073741824
1788950875,21181235,1073741824
1788950881,20436746,1073741824
1788950887,20541604,1073741824
1788950893,20468204,1073741824
1788950899,20615004,1073741824
1788950905,20615004,1073741824
1788950912,20604518,1073741824
1788950918,20866662,1073741824
1788950924,20814234,1073741824
1788950930,20541604,1073741824
1788950936,20258488,1073741824
1788950942,20237517,1073741824
1788950948,20489175,1073741824
1788950954,20489175,1073741824
1788950960,20992492,1073741824
1788950966,20782776,1073741824
1788950972,20908605,1073741824
1788950978,20877148,1073741824
1788950984,20856177,1073741824
1788950990,20363346,1073741824
1788950996,20625490,1073741824
1788951003,20027802,1073741824
1788951009,20268974,1073741824
1788951015,20017316,1073741824
1788951021,20069745,1073741824
1788951027,20300431,1073741824
1788951033,20227031,1073741824
1788951039,20447232,1073741824
1788951045,20153631,1073741824
1788951051,20531118,1073741824
1788951057,20541604,1073741824
1788951063,20352860,1073741824
1788951069,20583547,1073741824
1788951075,20541604,1073741824
1788951081,21181235,1073741824
1788951087,21160264,1073741824
1788951093,20656947,1073741824
1788951100,20415775,1073741824
1788951106,20604518,1073741824
1788951112,20866662,1073741824
1788951118,20667433,1073741824
1788951124,20268974,1073741824
1788951130,20510147,1073741824
1788951136,20468204,1073741824
1788951142,20845691,1073741824
1788951148,20101202,1073741824
1788951154,20090716,1073741824
1788951160,20342374,1073741824
1788951166,20583547,1073741824
1788951172,20216545,1073741824
1788951178,21023949,1073741824
1788951184,20520632,1073741824
1788951190,20761805,1073741824
1788951197,20489175,1073741824
1788951203,20174602,1073741824
1788951209,20436746,1073741824
1788951215,20342374,1073741824
1788951221,20866662,1073741824
1788951227,20845691,1073741824
1788951233,21527265,1073741824
1788951239,20992492,1073741824
1788951245,21170749,1073741824
1788951251,21212692,1073741824
1788951257,20919091,1073741824
1788951263,20908605,1073741824
1788951269,21139292,1073741824
1788951275,20468204,1073741824
1788951281,20447232,1073741824
1788951287,20405289,1073741824
1788951294,20583547,1073741824
1788951300,20573061,1073741824
1788951306,20656947,1073741824
1788951312,20615004,1073741824
1788951318,20373832,1073741824
1788951324,20698890,1073741824
1788951330,21359493,1073741824
1788951336,21338522,1073741824
1788951342,21065892,1073741824
1788951348,21254636,1073741824
1788951354,20835205,1073741824
1788951360,21296579,1073741824
1788951366,20740833,1073741824
1788951372,20478689,1073741824
1788951378,20331889,1073741824
1788951384,21034435,1073741824
1788951391,21023949,1073741824
1788951397,20950548,1073741824
1788951403,21170749,1073741824
1788951409,20751319,1073741824
1788951415,21233664,1073741824
1788951421,21307064,1073741824
1788951427,20803748,1073741824
1788951433,21286093,1073741824
1788951439,20719862,1073741824
1788951445,20573061,1073741824
1788951451,20363346,1073741824
1788951457,20111688,1073741824
1788951463,19870515,1073741824
1788951469,20310917,1073741824
1788951475,20279460,1073741824
1788951481,20478689,1073741824
1788951488,20992492,1073741824
1788951494,20436746,1073741824
1788951500,20919091,1073741824
1788951506,21286093,1073741824
1788951512,21516780,1073741824
1788951518,21506294,1073741824
1788951524,20971520,1073741824
1788951530,20719862,1073741824
1788951536,20573061,1073741824
1788951542,20814234,1073741824
1788951548,20803748,1073741824
1788951554,20782776,1073741824
1788951560,20866662,1073741824
1788951566,20803748,1073741824
1788951572,20782776,1073741824
1788951578,20772291,1073741824
1788951584,20552090,1073741824
1788951591,20730348,1073741824
1788951597,20615004,1073741824
1788951603,20594033,1073741824
1788951609,20583547,1073741824
1788951615,20510147,1073741824
1788951621,20289946,1073741824
1788951627,20635976,1073741824
1788951633,20730348,1073741824
1788951639,20950548,1073741824
1788951645,20856177,1073741824
1788951651,20929577,1073741824
1788951657,20677919,1073741824
1788951663,20415775,1073741824
1788951669,20908605,1073741824
1788951675,20971520,1073741824
1788951681,21265121,1073741824
1788951688,20667433,1073741824
1788951694,20740833,1073741824
1788951700,20447232,1073741824
1788951706,20457718,1073741824
1788951712,20195574,1073741824
1788951718,20415775,1073741824
1788951724,20394803,1073741824
1788951730,20384317,1073741824
1788951736,20373832,1073741824
1788951742,20279460,1073741824
1788951748,20615004,1073741824
1788951754,20352860,1073741824
1788951760,20856177,1073741824
1788951766,20866662,1073741824
1788951772,20719862,1073741824
1788951779,20971520,1073741824
1788951785,20635976,1073741824
1788951791,20289946,1073741824
1788951797,20531118,1073741824
1788951803,20803748,1073741824
1788951809,20499661,1073741824
1788951815,20782776,1073741824
1788951821,20436746,1073741824
1788951827,21107835,1073741824
1788951833,20531118,1073741824
1788951839,20562575,1073741824
1788951845,20782776,1073741824
1788951851,20761805,1073741824
1788951857,20489175,1073741824
1788951863,20499661,1073741824
1788951870,20615004,1073741824
1788951876,21128806,1073741824
1788951882,20824719,1073741824
1788951888,20604518,1073741824
1788951894,20101202,1073741824
1788951900,20069745,1073741824
1788951906,19797115,1073741824
1788951912,20048773,1073741824
1788951918,20300431,1073741824
1788951924,20468204,1073741824
1788951930,20405289,1073741824
1788951936,20342374,1073741824
1788951942,20594033,1073741824
1788951948,20583547,1073741824
1788951954,20331889,1073741824
1788951960,21065892,1073741824
1788951967,21307064,1073741824
1788951973,21411922,1073741824
1788951979,20961034,1073741824
1788951985,21275607,1073741824
1788951991,21013463,1073741824
1788951997,21548237,1073741824
1788952003,21265121,1073741824
1788952009,20562575,1073741824
1788952015,20803748,1073741824
1788952021,20520632,1073741824
1788952027,20520632,1073741824
1788952033,20740833,1073741824
1788952039,20719862,1073741824
1788952045,20698890,1073741824
1788952051,21170749,1073741824
1788952057,20919091,1073741824
1788952063,20908605,1073741824
1788952070,20719862,1073741824
1788952076,20929577,1073741824
1788952082,20656947,1073741824
1788952088,20992492,1073741824
1788952094,21212692,1073741824
1788952100,21107835,1073741824
1788952106,21202207,1073741824
1788952112,20646461,1073741824
1788952118,20615004,1073741824
1788952124,21118321,1073741824
1788952130,20300431,1073741824
1788952136,20300431,1073741824
1788952142,20363346,1073741824
1788952148,20562575,1073741824
1788952154,20531118,1073741824
1788952161,20489175,1073741824
1788952167,20562575,1073741824
1788952173,20562575,1073741824
1788952179,20510147,1073741824
1788952185,20845691,1073741824
1788952191,21065892,1073741824
1788952197,20803748,1073741824
1788952203,21044920,1073741824
1788952209,21495808,1073741824
1788952215,21474836,1073741824
1788952221,21044920,1073741824
1788952227,20573061,1073741824
1788952233,20520632,1073741824
1788952239,20772291,1073741824
1788952245,20730348,1073741824
1788952251,20520632,1073741824
1788952258,20677919,1073741824
1788952264,21443379,1073741824
1788952270,21149778,1073741824
1788952276,21097349,1073741824
1788952282,20814234,1073741824
1788952288,21013463,1073741824
1788952294,20740833,1073741824
1788952300,21474836,1073741824
1788952306,21170749,1073741824
1788952312,20143145,1073741824
1788952318,20594033,1073741824
1788952324,20310917,1073741824
1788952330,21023949,1073741824
1788952336,20992492,1073741824
1788952342,21537751,1073741824
1788952348,21013463,1073741824
1788952355,21233664,1073741824
1788952361,20730348,1073741824
1788952367,20856177,1073741824
1788952373,21097349,1073741824
1788952379,20635976,1073741824
1788952385,21023949,1073741824
1788952391,20709376,1073741824
1788952397,20814234,1073741824
1788952403,20782776,1073741824
1788952409,20499661,1073741824
1788952415,20478689,1073741824
1788952421,20929577,1073741824
1788952427,20384317,1073741824
1788952433,20394803,1073741824
1788952439,20583547,1073741824
1788952445,21002977,1073741824
1788952452,21296579,1073741824
1788952458,21223178,1073741824
1788952464,21212692,1073741824
1788952470,21013463,1073741824
1788952476,20751319,1073741824
1788952482,20845691,1073741824
1788952488,20321403,1073741824
1788952494,20279460,1073741824
1788952500,20761805,1073741824
1788952506,20331889,1073741824
1788952512,20845691,1073741824
1788952518,20583547,1073741824
1788952524,20373832,1073741824
1788952530,20929577,1073741824
1788952536,20625490,1073741824
1788952542,21139292,1073741824
1788952549,21118321,1073741824
1788952555,20803748,1073741824
1788952561,20740833,1073741824
1788952567,20772291,1073741824
1788952573,20761805,1073741824
1788952579,20751319,1073741824
1788952585,20352860,1073741824
1788952591,20321403,1073741824
1788952597,20541604,1073741824
1788952603,20510147,1073741824
1788952609,21265121,1073741824
1788952615,21107835,1073741824
1788952622,21411922,1073741824
1788952628,20688404,1073741824
1788952634,21181235,1073741824
1788952640,21443379,1073741824
1788952646,20143145,1073741824
1788952652,20615004,1073741824
1788952658,20562575,1073741824
1788952664,21076378,1073741824
1788952670,20824719,1073741824
1788952676,20604518,1073741824
1788952682,20866662,1073741824
1788952689,20845691,1073741824
1788952695,20824719,1073741824
1788952701,20027802,1073741824
1788952707,20803748,1073741824
1788952713,20824719,1073741824
1788952719,20761805,1073741824
1788952725,20782776,1073741824
1788952731,20541604,1073741824
1788952737,20982006,1073741824
1788952743,20436746,1073741824
1788952750,20656947,1073741824
1788952756,20898120,1073741824
1788952762,20656947,1073741824
1788952768,20520632,1073741824
1788952774,21002977,1073741824
1788952780,20782776,1073741824
1788952786,21275607,1073741824
1788952792,21181235,1073741824
1788952798,20919091,1073741824
1788952804,20877148,1073741824
1788952811,21338522,1073741824
1788952817,21307064,1073741824
1788952823,21044920,1073741824
1788952829,20583547,1073741824
1788952835,20919091,1073741824
1788952841,20625490,1073741824
1788952847,20541604,1073741824
1788952853,21212692,1073741824
1788952859,21013463,1073741824
1788952865,20185088,1073741824
1788952871,20940063,1073741824
1788952878,20394803,1073741824
1788952884,20101202,1073741824
1788952890,20300431,1073741824
1788952896,20814234,1073741824
1788952902,20499661,1073741824
1788952908,21013463,1073741824
1788952914,20573061,1073741824
1788952920,20541604,1073741824
1788952926,20919091,1073741824
1788952932,20887634,1073741824
1788952938,20615004,1073741824
1788952944,20656947,1073741824
1788952950,20772291,1073741824
1788952956,20615004,1073741824
1788952963,20656947,1073741824
1788952969,20887634,1073741824
1788952975,21097349,1073741824
1788952981,21065892,1073741824
1788952987,20835205,1073741824
1788952993,20751319,1073741824
1788952999,20751319,1073741824
1788953005,20541604,1073741824
1788953011,20080230,1073741824
1788953017,20604518,1073741824
1788953023,20321403,1073741824
1788953029,20289946,1073741824
1788953035,20562575,1073741824
1788953041,20206060,1073741824
1788953047,20447232,1073741824
1788953053,20709376,1073741824
1788953060,20656947,1073741824
1788953066,20478689,1073741824
1788953072,20342374,1073741824
1788953078,20562575,1073741824
1788953084,20531118,1073741824
1788953090,20751319,1073741824
1788953096,21076378,1073741824
1788953102,20814234,1073741824
1788953108,21296579,1073741824
1788953114,21275607,1073741824
1788953120,20751319,1073741824
1788953126,21244150,1073741824
1788953132,21736980,1073741824
1788953138,20688404,1073741824
1788953144,20772291,1073741824
1788953150,20405289,1073741824
1788953157,20447232,1073741824
1788953163,20866662,1073741824
1788953169,20604518,1073741824
1788953175,20635976,1073741824
1788953181,20321403,1073741824
1788953187,20310917,1073741824
1788953193,20709376,1073741824
1788953199,20908605,1073741824
1788953205,20908605,1073741824
1788953211,20520632,1073741824
1788953217,20499661,1073741824
1788953223,20677919,1073741824
1788953229,20677919,1073741824
1788953235,20929577,1073741824
1788953241,20405289,1073741824
1788953248,20447232,1073741824
1788953254,20531118,1073741824
1788953260,20499661,1073741824
1788953266,20982006,1073741824
1788953272,20227031,1073741824
1788953278,20688404,1073741824
1788953284,20709376,1073741824
1788953290,20656947,1073741824
1788953296,20919091,1073741824
1788953302,20499661,1073741824
1788953308,20824719,1073741824
1788953314,20793262,1073741824
1788953320,20961034,1073741824
1788953326,20940063,1073741824
1788953332,20667433,1073741824
1788953338,20856177,1073741824
1788953345,20845691,1073741824
1788953351,20814234,1073741824
1788953357,20803748,1073741824
1788953363,21118321,1073741824
1788953369,20940063,1073741824
1788953375,20698890,1073741824
1788953381,20677919,1073741824
1788953387,20940063,1073741824
1788953393,20856177,1073741824
1788953399,21139292,1073741824
1788953405,20688404,1073741824
1788953411,20248003,1073741824
1788953417,20719862,1073741824
1788953423,20499661,1073741824
1788953429,20782776,1073741824
1788953435,20772291,1073741824
1788953442,20950548,1073741824
1788953448,20667433,1073741824
1788953454,21034435,1073741824
1788953460,20730348,1073741824
1788953466,20394803,1073741824
1788953472,20415775,1073741824
1788953478,20143145,1073741824
1788953484,20667433,1073741824
1788953490,20898120,1073741824
1788953496,20656947,1073741824
1788953502,20688404,1073741824
1788953508,20677919,1073741824
1788953514,21233664,1073741824
1788953520,21002977,1073741824
1788953526,20499661,1073741824
1788953533,20468204,1073741824
1788953539,20447232,1073741824
1788953545,20877148,1073741824
1788953551,20405289,1073741824
1788953557,20562575,1073741824
1788953563,20583547,1073741824
1788953569,20835205,1073741824
1788953575,20646461,1073741824
1788953581,20782776,1073741824
1788953587,20751319,1073741824
1788953593,20982006,1073741824
1788953599,20688404,1073741824
1788953605,20489175,1073741824
1788953611,20489175,1073741824
1788953617,20352860,1073741824
1788953623,20478689,1073741824
1788953629,20992492,1073741824
1788953636,21002977,1073741824
1788953642,20992492,1073741824
1788953648,20772291,1073741824
1788953654,20992492,1073741824
1788953660,21013463,1073741824
1788953666,20216545,1073741824
1788953672,20373832,1073741824
1788953678,20604518,1073741824
1788953684,20405289,1073741824
1788953690,20898120,1073741824
1788953696,20709376,1073741824
1788953702,20709376,1073741824
1788953708,20740833,1073741824
1788953714,20206060,1073741824
1788953720,20447232,1073741824
1788953726,20887634,1073741824
1788953733,20646461,1073741824
1788953739,20373832,1073741824
1788953745,20877148,1073741824
1788953751,20856177,1073741824
1788953757,20384317,1073741824
1788953763,20373832,1073741824
1788953769,20866662,1073741824
1788953775,20845691,1073741824
1788953781,20845691,1073741824
1788953787,21160264,1073741824
1788953793,20898120,1073741824
1788953799,20856177,1073741824
1788953805,21191721,1073741824
1788953811,20856177,1073741824
1788953817,20635976,1073741824
1788953823,20625490,1073741824
1788953830,20615004,1073741824
1788953836,20845691,1073741824
1788953842,21013463,1073741824
1788953848,20782776,1073741824
1788953854,20321403,1073741824
1788953860,20552090,1073741824
1788953866,20562575,1073741824
1788953872,20426260,1073741824
1788953878,20321403,1073741824
1788953884,20321403,1073741824
1788953890,20772291,1073741824
1788953896,21013463,1073741824
1788953902,20373832,1073741824
1788953908,19524485,1073741824
1788953914,20195574,1073741824
1788953920,20866662,1073741824
1788953927,20866662,1073741824
1788953933,20709376,1073741824
1788953939,20300431,1073741824
1788953945,20216545,1073741824
1788953951,20730348,1073741824
1788953957,20719862,1073741824
1788953963,20237517,1073741824
1788953969,20426260,1073741824
1788953975,20929577,1073741824
1788953981,21149778,1073741824
1788953987,21086863,1073741824
1788953993,20625490,1073741824
1788953999,20552090,1073741824
1788954005,20258488,1073741824
1788954011,20489175,1073741824
1788954018,20730348,1073741824
1788954024,20111688,1073741824
1788954030,20782776,1073741824
1788954036,20751319,1073741824
1788954042,20772291,1073741824
1788954048,20772291,1073741824
1788954054,20447232,1073741824
1788954060,20824719,1073741824
1788954066,20877148,1073741824
1788954072,20877148,1073741824
1788954078,20814234,1073741824
1788954084,20877148,1073741824
1788954090,20394803,1073741824
1788954096,20656947,1073741824
1788954102,20887634,1073741824
1788954108,20835205,1073741824
1788954115,21286093,1073741824
1788954121,20478689,1073741824
1788954127,20216545,1073741824
1788954133,20929577,1073741824
1788954139,20667433,1073741824
1788954145,20604518,1073741824
1788954151,21097349,1073741824
1788954157,20845691,1073741824
1788954163,20583547,1073741824
1788954169,20845691,1073741824
1788954175,20635976,1073741824
1788954181,20656947,1073741824
1788954187,20845691,1073741824
1788954193,20814234,1073741824
1788954199,21065892,1073741824
1788954205,20331889,1073741824
1788954212,20489175,1073741824
1788954218,20604518,1073741824
1788954224,20845691,1073741824
1788954230,20499661,1073741824
1788954236,21055406,1073741824
1788954242,20992492,1073741824
1788954248,20950548,1073741824
1788954254,20971520,1073741824
1788954260,21191721,1073741824
1788954266,21013463,1073741824
1788954272,20793262,1073741824
1788954278,20478689,1073741824
1788954284,20541604,1073741824
1788954290,20541604,1073741824
1788954296,20877148,1073741824
1788954303,20824719,1073741824
1788954309,20541604,1073741824
1788954315,20814234,1073741824
1788954321,21065892,1073741824
1788954327,20457718,1073741824
1788954333,20961034,1073741824
1788954339,20489175,1073741824
1788954345,20730348,1073741824
1788954351,21002977,1073741824
1788954357,20331889,1073741824
1788954363,20615004,1073741824
1788954369,20625490,1073741824
1788954375,20793262,1073741824
1788954381,20782776,1073741824
1788954387,20656947,1073741824
1788954393,20635976,1073741824
1788954400,20363346,1073741824
1788954406,20877148,1073741824
1788954412,20856177,1073741824
1788954418,20677919,1073741824
1788954424,20573061,1073741824
1788954430,20541604,1073741824
1788954436,21076378,1073741824
1788954442,21044920,1073741824
1788954448,21034435,1073741824
1788954454,21034435,1073741824
1788954460,20520632,1073741824
1788954466,20394803,1073741824
1788954472,20122173,1073741824
1788954478,19860029,1073741824
1788954484,19702743,1073741824
1788954491,20426260,1073741824
1788954497,20646461,1073741824
1788954503,20426260,1073741824
1788954509,20017316,1073741824
1788954515,20761805,1073741824
1788954521,20709376,1073741824
1788954527,20698890,1073741824
1788954533,20761805,1073741824
1788954539,20562575,1073741824
1788954545,20279460,1073741824
1788954551,20352860,1073741824
1788954557,20583547,1073741824
1788954563,20856177,1073741824
1788954569,21139292,1073741824
1788954575,20740833,1073741824
1788954582,20740833,1073741824
1788954588,20740833,1073741824
1788954594,20615004,1073741824
1788954600,20856177,1073741824
1788954606,20457718,1073741824
1788954612,20447232,1073741824
1788954618,20688404,1073741824
1788954624,20289946,1073741824
1788954630,20027802,1073741824
1788954636,20048773,1073741824
1788954642,20583547,1073741824
1788954648,20594033,1073741824
1788954654,20635976,1073741824
1788954660,20625490,1073741824
1788954666,20866662,1073741824
1788954672,20856177,1073741824
1788954679,20845691,1073741824
1788954685,20573061,1073741824
1788954691,20541604,1073741824
1788954697,20499661,1073741824
1788954703,20499661,1073741824
1788954709,20227031,1073741824
1788954715,20164116,1073741824
1788954721,20300431,1073741824
1788954727,20772291,1073741824
1788954733,20520632,1073741824
1788954739,20510147,1073741824
1788954745,20195574,1073741824
1788954751,20248003,1073741824
1788954757,20090716,1073741824
1788954763,20017316,1073741824
1788954770,19744686,1073741824
1788954776,20604518,1073741824
1788954782,20017316,1073741824
1788954788,20268974,1073741824
1788954794,20992492,1073741824
1788954800,20719862,1073741824
1788954806,20824719,1073741824
1788954812,20835205,1073741824
1788954818,21118321,1073741824
1788954824,21317550,1073741824
1788954830,21369979,1073741824
1788954836,20782776,1073741824
1788954842,20709376,1073741824
1788954848,20761805,1073741824
1788954854,20698890,1073741824
1788954860,20698890,1073741824
1788954867,20384317,1073741824
1788954873,20594033,1073741824
1788954879,20635976,1073741824
1788954885,20594033,1073741824
1788954891,20552090,1073741824
1788954897,20478689,1073741824
1788954903,20436746,1073741824
1788954909,20929577,1073741824
1788954915,20919091,1073741824
1788954921,20908605,1073741824
1788954927,20929577,1073741824
1788954933,20667433,1073741824
1788954939,20436746,1073741824
1788954945,20122173,1073741824
1788954952,19839058,1073741824
1788954958,20017316,1073741824
1788954964,20268974,1073741824
1788954970,20740833,1073741824
1788954976,20992492,1073741824
1788954982,21181235,1073741824
1788954988,21013463,1073741824
1788954994,21013463,1073741824
1788955000,21317550,1073741824
1788955006,21516780,1073741824
1788955012,21191721,1073741824
1788955018,20961034,1073741824
1788955024,20919091,1073741824
1788955030,20866662,1073741824
1788955036,20405289,1073741824
1788955042,20468204,1073741824
1788955049,20510147,1073741824
1788955055,20751319,1073741824
1788955061,20982006,1073741824
1788955067,20688404,1073741824
1788955073,20111688,1073741824
1788955079,20237517,1073741824
1788955085,20206060,1073741824
1788955091,20394803,1073741824
1788955097,20195574,1073741824
1788955103,20363346,1073741824
1788955109,21013463,1073741824
1788955115,20373832,1073741824
1788955121,20856177,1073741824
1788955127,21097349,1073741824
1788955133,20761805,1073741824
1788955139,20824719,1073741824
1788955146,20845691,1073741824
1788955152,21097349,1073741824
1788955158,20866662,1073741824
1788955164,20824719,1073741824
1788955170,21149778,1073741824
1788955176,20898120,1073741824
1788955182,20856177,1073741824
1788955188,20814234,1073741824
1788955194,20426260,1073741824
1788955200,20688404,1073741824
1788955206,20625490,1073741824
1788955212,21097349,1073741824
1788955218,20562575,1073741824
1788955224,20814234,1073741824
1788955230,21212692,1073741824
1788955237,21275607,1073741824
1788955243,20761805,1073741824
1788955249,20499661,1073741824
1788955255,19692257,1073741824
1788955261,20730348,1073741824
1788955267,20698890,1073741824
1788955273,20950548,1073741824
1788955279,20929577,1073741824
1788955285,20625490,1073741824
1788955291,20615004,1073741824
1788955297,20625490,1073741824
1788955303,20877148,1073741824
1788955309,20866662,1073741824
1788955315,20656947,1073741824
1788955321,20667433,1073741824
1788955327,20426260,1073741824
1788955334,20426260,1073741824
1788955340,20908605,1073741824
1788955346,20531118,1073741824
1788955352,20908605,1073741824
1788955358,21191721,1073741824
1788955364,20919091,1073741824
1788955370,20635976,1073741824
1788955376,20415775,1073741824
1788955382,20635976,1073741824
1788955388,20101202,1073741824
1788955394,20069745,1073741824
1788955400,20793262,1073741824
1788955406,20709376,1073741824
1788955412,20877148,1073741824
1788955418,20845691,1073741824
1788955425,21097349,1073741824
1788955431,21086863,1073741824
1788955437,20394803,1073741824
1788955443,20856177,1073741824
1788955449,20594033,1073741824
1788955455,20856177,1073741824
1788955461,20573061,1073741824
1788955467,19954401,1073741824
1788955473,20447232,1073741824
1788955479,20048773,1073741824
1788955485,20573061,1073741824
1788955491,20793262,1073741824
1788955497,20982006,1073741824
1788955503,20185088,1073741824
1788955509,20426260,1073741824
1788955515,20122173,1073741824
1788955522,20478689,1073741824
1788955528,20489175,1073741824
1788955534,20730348,1073741824
1788955540,20730348,1073741824
1788955546,20761805,1073741824
1788955552,20992492,1073741824
1788955558,20740833,1073741824
1788955564,20478689,1073741824
1788955570,20929577,1073741824
1788955576,21160264,1073741824
1788955582,21097349,1073741824
1788955588,20824719,1073741824
1788955594,20751319,1073741824
1788955600,20877148,1073741824
1788955606,21139292,1073741824
1788955613,21107835,1073741824
1788955619,21118321,1073741824
1788955625,20887634,1073741824
1788955631,20845691,1073741824
1788955637,21034435,1073741824
1788955643,21023949,1073741824
1788955649,21013463,1073741824
1788955655,20227031,1073741824
1788955661,20164116,1073741824
1788955667,20405289,1073741824
1788955673,20604518,1073741824
1788955679,20803748,1073741824
1788955685,21065892,1073741824
1788955691,20887634,1073741824
1788955697,20877148,1073741824
1788955703,20615004,1073741824
1788955710,20489175,1073741824
1788955716,21170749,1073741824
1788955722,21149778,1073741824
1788955728,21118321,1073741824
1788955734,20719862,1073741824
1788955740,20688404,1073741824
1788955746,20971520,1073741824
1788955752,20300431,1073741824
1788955758,20552090,1073741824
1788955764,20006830,1073741824
1788955770,20248003,1073741824
1788955776,19985859,1073741824
1788955782,20719862,1073741824
1788955788,20961034,1073741824
1788955794,20929577,1073741824
1788955801,20227031,1073741824
1788955807,19943916,1073741824
1788955813,20111688,1073741824
1788955819,20625490,1073741824
1788955825,20363346,1073741824
1788955831,20373832,1073741824
1788955837,20405289,1073741824
1788955843,20604518,1073741824
1788955849,20331889,1073741824
1788955855,20048773,1073741824
1788955861,20457718,1073741824
1788955867,20426260,1073741824
1788955873,20929577,1073741824
1788955879,21160264,1073741824
1788955885,20132659,1073741824
1788955892,20153631,1073741824
1788955898,20090716,1073741824
1788955904,20321403,1073741824
1788955910,20038287,1073741824
1788955916,20101202,1073741824
1788955922,20656947,1073741824
1788955928,20835205,1073741824
1788955934,20541604,1073741824
1788955940,20793262,1073741824
1788955946,20982006,1073741824
1788955952,20772291,1073741824
1788955958,20468204,1073741824
1788955964,20719862,1073741824
1788955970,20950548,1073741824
1788955976,20331889,1073741824
1788955982,20793262,1073741824
1788955988,21254636,1073741824
1788955995,20919091,1073741824
1788956001,20908605,1073741824
1788956007,20919091,1073741824
1788956013,20436746,1073741824
1788956019,20698890,1073741824
1788956025,20468204,1073741824
1788956031,20656947,1073741824
1788956037,20856177,1073741824
1788956043,20531118,1073741824
1788956049,20289946,1073741824
1788956055,21286093,1073741824
1788956061,21254636,1073741824
1788956067,20394803,1073741824
1788956073,20594033,1073741824
1788956079,20300431,1073741824
1788956085,20531118,1073741824
1788956092,20751319,1073741824
1788956098,20971520,1073741824
1788956104,20698890,1073741824
1788956110,20730348,1073741824
1788956116,20982006,1073741824
1788956122,20940063,1073741824
1788956128,20856177,1073741824
1788956134,20866662,1073741824
1788956140,20310917,1073741824
1788956146,20164116,1073741824
1788956152,20164116,1073741824
1788956158,20635976,1073741824
1788956164,20803748,1073741824
1788956170,21275607,1073741824
1788956176,20992492,1073741824
1788956182,20740833,1073741824
1788956189,21065892,1073741824
1788956195,20541604,1073741824
1788956201,21086863,1073741824
1788956207,21055406,1073741824
1788956213,21023949,1073741824
1788956219,20478689,1073741824
1788956225,20698890,1073741824
1788956231,21023949,1073741824
1788956237,21013463,1073741824
1788956243,21265121,1073741824
1788956249,20950548,1073741824
1788956255,21244150,1073741824
1788956261,20929577,1073741824
1788956267,21149778,1073741824
1788956273,21107835,1073741824
1788956280,21044920,1073741824
1788956286,20583547,1073741824
1788956292,20321403,1073741824
1788956298,20562575,1073741824
1788956304,20048773,1073741824
1788956310,20101202,1073741824
1788956316,20352860,1073741824
1788956322,19786629,1073741824
1788956328,20541604,1073741824
1788956334,20520632,1073741824
1788956340,20489175,1073741824
1788956346,20373832,1073741824
1788956352,20331889,1073741824
1788956358,20761805,1073741824
1788956364,20751319,1073741824
1788956370,20195574,1073741824
1788956377,21202207,1073741824
1788956383,21181235,1073741824
1788956389,20877148,1073741824
1788956395,21212692,1073741824
1788956401,20667433,1073741824
1788956407,20761805,1073741824
1788956413,21013463,1073741824
1788956419,20646461,1073741824
1788956425,20877148,1073741824
1788956431,20594033,1073741824
1788956437,20352860,1073741824
1788956443,20447232,1073741824
1788956449,20898120,1073741824
1788956455,21170749,1073741824
1788956461,20929577,1073741824
1788956468,20908605,1073741824
1788956474,20929577,1073741824
1788956480,20677919,1073741824
1788956486,20824719,1073741824
1788956492,20772291,1073741824
1788956498,20457718,1073741824
1788956504,20908605,1073741824
1788956510,20635976,1073741824
1788956516,20394803,1073741824
1788956522,20656947,1073741824
1788956528,20604518,1073741824
1788956534,21107835,1073741824
1788956540,20709376,1073741824
1788956546,20961034,1073741824
1788956552,20510147,1073741824
1788956558,20929577,1073741824
1788956565,20698890,1073741824
1788956571,21202207,1073741824
1788956577,20961034,1073741824
1788956583,21170749,1073741824
1788956589,21139292,1073741824
1788956595,21118321,1073741824
1788956601,20573061,1073741824
1788956607,20824719,1073741824
1788956613,20856177,1073741824
1788956619,20793262,1073741824
1788956625,21034435,1073741824
1788956631,20730348,1073741824
1788956637,20531118,1073741824
1788956643,20520632,1073741824
1788956650,20510147,1073741824
1788956656,20227031,1073741824
1788956662,20185088,1073741824
1788956668,20237517,1073741824
1788956674,20489175,1073741824
1788956680,20510147,1073741824
1788956686,21002977,1073741824
1788956692,20992492,1073741824
1788956698,21275607,1073741824
1788956704,21170749,1073741824
1788956710,20919091,1073741824
1788956716,21286093,1073741824
1788956722,21233664,1073741824
1788956728,20520632,1073741824
1788956734,20227031,1073741824
1788956741,20730348,1073741824
1788956747,20719862,1073741824
1788956753,20709376,1073741824
1788956759,20436746,1073741824
1788956765,20520632,1073741824
1788956771,20761805,1073741824
1788956777,21212692,1073741824
1788956783,20667433,1073741824
1788956789,20992492,1073741824
1788956795,20751319,1073741824
1788956801,20709376,1073741824
1788956807,20908605,1073741824
1788956813,20635976,1073741824
1788956819,20279460,1073741824
1788956825,20185088,1073741824
1788956831,20656947,1073741824
1788956838,20373832,1073741824
1788956844,20625490,1073741824
1788956850,20772291,1073741824
1788956856,20793262,1073741824
1788956862,20415775,1073741824
1788956868,20677919,1073741824
1788956874,20887634,1073741824
1788956880,20992492,1073741824
1788956886,20541604,1073741824
1788956892,20510147,1073741824
1788956898,20520632,1073741824
1788956904,20719862,1073741824
1788956910,20510147,1073741824
1788956916,20698890,1073741824
1788956922,20688404,1073741824
1788956928,21118321,1073741824
1788956935,21086863,1073741824
1788956941,20992492,1073741824
1788956947,21034435,1073741824
1788956953,21023949,1073741824
1788956959,20877148,1073741824
1788956965,20835205,1073741824
1788956971,21065892,1073741824
1788956977,21569208,1073741824
1788956983,21537751,1073741824
1788956989,21495808,1073741824
1788956995,21191721,1073741824
1788957001,21044920,1073741824
1788957007,21328036,1073741824
1788957013,21579694,1073741824
1788957019,21118321,1073741824
1788957025,21097349,1073741824
1788957031,20814234,1073741824
1788957038,21317550,1073741824
1788957044,20562575,1073741824
1788957050,20803748,1073741824
1788957056,21044920,1073741824
1788957062,20688404,1073741824
1788957068,20940063,1073741824
1788957074,20667433,1073741824
1788957080,20656947,1073741824
1788957086,20300431,1073741824
1788957092,20310917,1073741824
1788957098,20761805,1073741824
1788957104,20761805,1073741824
1788957110,20719862,1073741824
1788957116,20164116,1073741824
1788957122,21023949,1073741824
1788957128,21013463,1073741824
1788957135,21422408,1073741824
1788957141,21139292,1073741824
1788957147,20856177,1073741824
1788957153,20887634,1073741824
1788957159,20761805,1073741824
1788957165,21495808,1073741824
1788957171,21254636,1073741824
1788957177,20531118,1073741824
1788957183,21202207,1073741824
1788957189,20950548,1073741824
1788957195,20898120,1073741824
1788957201,21422408,1073741824
1788957207,21086863,1073741824
1788957213,20803748,1073741824
1788957219,21044920,1073741824
1788957225,21254636,1073741824
1788957232,20971520,1073741824
1788957238,20971520,1073741824
1788957244,20384317,1073741824
1788957250,20656947,1073741824
1788957256,20635976,1073741824
1788957262,21128806,1073741824
1788957268,20992492,1073741824
1788957274,21013463,1073741824
1788957280,20971520,1073741824
1788957286,20961034,1073741824
1788957292,20751319,1073741824
1788957298,20373832,1073741824
1788957304,20583547,1073741824
1788957310,20625490,1073741824
1788957316,20877148,1073741824
1788957323,20845691,1073741824
1788957329,20310917,1073741824
1788957335,20667433,1073741824
1788957341,21160264,1073741824
1788957347,21097349,1073741824
1788957353,20803748,1073741824
1788957359,21107835,1073741824
1788957365,21023949,1073741824
1788957371,20761805,1073741824
1788957377,20531118,1073741824
1788957383,21023949,1073741824
1788957389,20845691,1073741824
1788957395,20709376,1073741824
1788957401,20436746,1073741824
